{
  "timestamp_utc": "2026-07-16T19:02:47.161165+00:00",
  "blend_file": "C:\\BlenderProjects\\SackboyMusicVideo\\Project\\blender\\sackboy_scene.blend",
  "saved_blend": true,
  "armature_name": "SACKBOY_RIG_PLACEMENT_V1",
  "armature_count_after": 1,
  "bone_count_after": 22,
  "changed_bone_count": 8,
  "changed_bones": [
    "thigh.L",
    "shin.L",
    "foot.L",
    "toe.L",
    "thigh.R",
    "shin.R",
    "foot.R",
    "toe.R"
  ],
  "pants_bounds": {
    "zmin": 0.5096120834350586,
    "zmax": 1.2564749717712402
  },
  "shoe_stats": {
    "L": {
      "xmin": -0.4442398250102997,
      "xmax": -0.053535640239715576,
      "ymin": -0.4286675751209259,
      "ymax": 0.2376757562160492,
      "zmin": 0.3218556046485901,
      "zmax": 0.6097263693809509,
      "xmed": -0.24739347398281097,
      "ymed": -0.11315958946943283,
      "zmed": 0.5155319571495056
    },
    "R": {
      "xmin": 0.07746104151010513,
      "xmax": 0.4723024070262909,
      "ymin": -0.4344041049480438,
      "ymax": 0.23193931579589844,
      "zmin": 0.3218555450439453,
      "zmax": 0.6097263693809509,
      "xmed": 0.2708774656057358,
      "ymed": -0.11889597773551941,
      "zmed": 0.5155319571495056
    }
  },
  "sample_counts": {
    "L": {
      "upper": 864,
      "middle": 1643,
      "lower": 1445
    },
    "R": {
      "upper": 993,
      "middle": 1623,
      "lower": 1508
    }
  },
  "world_landmarks": {
    "L": {
      "hip": {
        "x": -0.2506796419620514,
        "y": 0.06619350612163544,
        "z": 1.0772278308868408
      },
      "knee": {
        "x": -0.31114569306373596,
        "y": -0.030943792313337326,
        "z": 0.7934199571609497
      },
      "ankle": {
        "x": -0.24739347398281097,
        "y": 0.011119023896753788,
        "z": 0.4370039105415344
      },
      "ball": {
        "x": -0.24739347398281097,
        "y": -0.20877426862716675,
        "z": 0.4370039105415344
      },
      "toe": {
        "x": -0.24739347398281097,
        "y": -0.38868698477745056,
        "z": 0.4370039105415344
      }
    },
    "R": {
      "hip": {
        "x": 0.21776451170444489,
        "y": 0.06332678347826004,
        "z": 1.0772278308868408
      },
      "knee": {
        "x": 0.29728445410728455,
        "y": -0.03524535521864891,
        "z": 0.7934199571609497
      },
      "ankle": {
        "x": 0.270877480506897,
        "y": 0.005382552742958069,
        "z": 0.43700388073921204
      },
      "ball": {
        "x": 0.270877480506897,
        "y": -0.21451076865196228,
        "z": 0.43700388073921204
      },
      "toe": {
        "x": 0.270877480506897,
        "y": -0.3944234848022461,
        "z": 0.43700388073921204
      }
    }
  },
  "bones_before": {
    "thigh.L": {
      "head": [
        -0.2728748321533203,
        -0.049451008439064026,
        1.1925147771835327
      ],
      "tail": [
        -0.2728748321533203,
        -0.049451008439064026,
        0.7949103116989136
      ],
      "length": 0.39760446548461914
    },
    "shin.L": {
      "head": [
        -0.2728748321533203,
        -0.049451008439064026,
        0.7949103116989136
      ],
      "tail": [
        -0.2728748321533203,
        -0.049451008439064026,
        0.49147531390190125
      ],
      "length": 0.30343499779701233
    },
    "foot.L": {
      "head": [
        -0.2728748321533203,
        -0.049451008439064026,
        0.49147531390190125
      ],
      "tail": [
        -0.2728748321533203,
        -0.4883144795894623,
        0.4810120165348053
      ],
      "length": 0.43898817896842957
    },
    "toe.L": {
      "head": [
        -0.2728748321533203,
        -0.4883144795894623,
        0.4810120165348053
      ],
      "tail": [
        -0.2728748321533203,
        -0.5907159447669983,
        0.47054874897003174
      ],
      "length": 0.10293464362621307
    },
    "thigh.R": {
      "head": [
        0.26415085792541504,
        -0.049451008439064026,
        1.1925147771835327
      ],
      "tail": [
        0.26415085792541504,
        -0.049451008439064026,
        0.7949103116989136
      ],
      "length": 0.39760446548461914
    },
    "shin.R": {
      "head": [
        0.26415085792541504,
        -0.049451008439064026,
        0.7949103116989136
      ],
      "tail": [
        0.26415085792541504,
        -0.049451008439064026,
        0.49147531390190125
      ],
      "length": 0.30343499779701233
    },
    "foot.R": {
      "head": [
        0.26415085792541504,
        -0.049451008439064026,
        0.49147531390190125
      ],
      "tail": [
        0.26415085792541504,
        -0.4883144795894623,
        0.4810120165348053
      ],
      "length": 0.43898817896842957
    },
    "toe.R": {
      "head": [
        0.26415085792541504,
        -0.4883144795894623,
        0.4810120165348053
      ],
      "tail": [
        0.26415085792541504,
        -0.5907159447669983,
        0.47054874897003174
      ],
      "length": 0.10293464362621307
    }
  },
  "bones_after": {
    "thigh.L": {
      "head": [
        -0.2506796419620514,
        0.06619350612163544,
        1.0772278308868408
      ],
      "tail": [
        -0.31114569306373596,
        -0.030943792313337326,
        0.7934199571609497
      ],
      "length": 0.3060044050216675
    },
    "shin.L": {
      "head": [
        -0.31114569306373596,
        -0.030943792313337326,
        0.7934199571609497
      ],
      "tail": [
        -0.24739347398281097,
        0.011119023896753788,
        0.4370039105415344
      ],
      "length": 0.36450791358947754
    },
    "foot.L": {
      "head": [
        -0.24739347398281097,
        0.011119023896753788,
        0.4370039105415344
      ],
      "tail": [
        -0.24739347398281097,
        -0.20877426862716675,
        0.4370039105415344
      ],
      "length": 0.21989285945892334
    },
    "toe.L": {
      "head": [
        -0.24739347398281097,
        -0.20877426862716675,
        0.4370039105415344
      ],
      "tail": [
        -0.24739347398281097,
        -0.38868698477745056,
        0.4370039105415344
      ],
      "length": 0.17991237342357635
    },
    "thigh.R": {
      "head": [
        0.21776451170444489,
        0.06332678347826004,
        1.0772278308868408
      ],
      "tail": [
        0.29728445410728455,
        -0.03524535521864891,
        0.7934199571609497
      ],
      "length": 0.31078416109085083
    },
    "shin.R": {
      "head": [
        0.29728445410728455,
        -0.03524535521864891,
        0.7934199571609497
      ],
      "tail": [
        0.270877480506897,
        0.005382552742958069,
        0.43700388073921204
      ],
      "length": 0.35969486832618713
    },
    "foot.R": {
      "head": [
        0.270877480506897,
        0.005382552742958069,
        0.43700388073921204
      ],
      "tail": [
        0.270877480506897,
        -0.21451076865196228,
        0.43700388073921204
      ],
      "length": 0.21989336609840393
    },
    "toe.R": {
      "head": [
        0.270877480506897,
        -0.21451076865196228,
        0.43700388073921204
      ],
      "tail": [
        0.270877480506897,
        -0.3944234848022461,
        0.43700388073921204
      ],
      "length": 0.1799127161502838
    }
  },
  "lower_body_checks": [
    {
      "side": "L",
      "connected": true,
      "descending": true,
      "foot_level": true,
      "forward": true,
      "foot_inside_z": true,
      "toe_inside": true,
      "x_inside": true,
      "lengths": [
        0.3060044050216675,
        0.36450791358947754,
        0.21989285945892334,
        0.17991237342357635
      ],
      "lengths_ok": true,
      "knee_forward_bias": true,
      "passed": true
    },
    {
      "side": "R",
      "connected": true,
      "descending": true,
      "foot_level": true,
      "forward": true,
      "foot_inside_z": true,
      "toe_inside": true,
      "x_inside": true,