{
  "timestamp_utc": "2026-07-16T18:48:46.007468+00:00",
  "blend_file": "C:\\BlenderProjects\\SackboyMusicVideo\\Project\\blender\\sackboy_scene.blend",
  "saved_blend": true,
  "armature_name": "SACKBOY_RIG_PLACEMENT_V1",
  "armature_count_after": 1,
  "bone_count_after": 22,
  "changed_bone_count": 8,
  "changed_bones": [
    "clavicle.L",
    "upper_arm.L",
    "forearm.L",
    "hand.L",
    "clavicle.R",
    "upper_arm.R",
    "forearm.R",
    "hand.R"
  ],
  "f2_bounds_world": {
    "xmin": -1.123165488243103,
    "xmax": 1.1144415140151978,
    "zmin": 0.39730584621429443,
    "zmax": 2.4899609088897705,
    "xcenter": -0.03449521027505398
  },
  "sample_counts": {
    "L": 3765,
    "R": 3089
  },
  "arm_center_world": {
    "x": -0.03449521027505398,
    "y": 0.04730938374996185,
    "z": 1.6801498532295227,
    "z_fraction": 0.6130221984004866
  },
  "placement_fractions": {
    "shoulder": 0.29,
    "elbow": 0.56,
    "wrist": 0.8,
    "hand": 0.975
  },
  "world_landmarks": {
    "L": {
      "chest": [
        -0.03449521213769913,
        0.04730938374996185,
        1.680149793624878
      ],
      "shoulder": [
        -0.3502095937728882,
        0.04730938374996185,
        1.680149793624878
      ],
      "elbow": [
        -0.6441505551338196,
        0.04730938374996185,
        1.680149793624878
      ],
      "wrist": [
        -0.9054314494132996,
        0.04730938374996185,
        1.680149793624878
      ],
      "hand": [
        -1.0959486961364746,
        0.04730938374996185,
        1.680149793624878
      ]
    },
    "R": {
      "chest": [
        -0.03449521213769913,
        0.04730938374996185,
        1.680149793624878
      ],
      "shoulder": [
        0.2986964285373688,
        0.04730938374996185,
        1.680149793624878
      ],
      "elbow": [
        0.6089093685150146,
        0.04730938374996185,
        1.680149793624878
      ],
      "wrist": [
        0.88465416431427,
        0.04730938374996185,
        1.680149793624878
      ],
      "hand": [
        1.0857181549072266,
        0.04730938374996185,
        1.680149793624878
      ]
    }
  },
  "bones_before": {
    "clavicle.L": {
      "head": [
        -0.004361987113952637,
        -0.049451008439064026,
        1.8203113079071045
      ],
      "tail": [
        -0.304127037525177,
        0.021590325981378555,
        1.9973387718200684
      ],
      "length": 0.35530927777290344
    },
    "upper_arm.L": {
      "head": [
        -0.304127037525177,
        0.021590325981378555,
        1.9973387718200684
      ],
      "tail": [
        -0.47830191254615784,
        0.011934812180697918,
        1.6645933389663696
      ],
      "length": 0.37569889426231384
    },
    "forearm.L": {
      "head": [
        -0.47830191254615784,
        0.011934812180697918,
        1.6645933389663696
      ],
      "tail": [
        -0.5943006277084351,
        0.019810844212770462,
        1.5932613611221313
      ],
      "length": 0.13640378415584564
    },
    "hand.L": {
      "head": [
        -0.5943006277084351,
        0.019810844212770462,
        1.5932613611221313
      ],
      "tail": [
        -1.123165488243103,
        -0.049451008439064026,
        1.046028971672058
      ],
      "length": 0.7641719579696655
    },
    "clavicle.R": {
      "head": [
        -0.004361987113952637,
        -0.049451008439064026,
        1.8203113079071045
      ],
      "tail": [
        0.2780216932296753,
        -0.028012504801154137,
        2.000875234603882
      ],
      "length": 0.33586230874061584
    },
    "upper_arm.R": {
      "head": [
        0.2780216932296753,
        -0.028012504801154137,
        2.000875234603882
      ],
      "tail": [
        0.4263073205947876,
        0.01553523913025856,
        1.700015902519226
      ],
      "length": 0.33823275566101074
    },
    "forearm.R": {
      "head": [
        0.4263073205947876,
        0.01553523913025856,
        1.700015902519226
      ],
      "tail": [
        0.5492672920227051,
        0.003115119179710746,
        1.5994749069213867
      ],
      "length": 0.1593169867992401
    },
    "hand.R": {
      "head": [
        0.5492672920227051,
        0.003115119179710746,
        1.5994749069213867
      ],
      "tail": [
        1.1144415140151978,
        -0.049451008439064026,
        1.046028971672058
      ],
      "length": 0.7927719354629517
    }
  },
  "bones_after": {
    "clavicle.L": {
      "head": [
        -0.03449521213769913,
        0.04730938374996185,
        1.680149793624878
      ],
      "tail": [
        -0.3502095937728882,
        0.04730938374996185,
        1.680149793624878
      ],
      "length": 0.31571438908576965
    },
    "upper_arm.L": {
      "head": [
        -0.3502095937728882,
        0.04730938374996185,
        1.680149793624878
      ],
      "tail": [
        -0.6441505551338196,
        0.04730938374996185,
        1.680149793624878
      ],
      "length": 0.2939409911632538
    },
    "forearm.L": {
      "head": [
        -0.6441505551338196,
        0.04730938374996185,
        1.680149793624878
      ],
      "tail": [
        -0.9054314494132996,
        0.04730938374996185,
        1.680149793624878
      ],
      "length": 0.26128092408180237
    },
    "hand.L": {
      "head": [
        -0.9054314494132996,
        0.04730938374996185,
        1.680149793624878
      ],
      "tail": [
        -1.0959486961364746,
        0.04730938374996185,
        1.680149793624878
      ],
      "length": 0.19051727652549744
    },
    "clavicle.R": {
      "head": [
        -0.03449521213769913,
        0.04730938374996185,
        1.680149793624878
      ],
      "tail": [
        0.2986964285373688,
        0.04730938374996185,
        1.680149793624878
      ],
      "length": 0.3331916332244873
    },
    "upper_arm.R": {
      "head": [
        0.2986964285373688,
        0.04730938374996185,
        1.680149793624878
      ],
      "tail": [
        0.6089093685150146,
        0.04730938374996185,
        1.680149793624878
      ],
      "length": 0.3102129399776459
    },
    "forearm.R": {
      "head": [
        0.6089093685150146,
        0.04730938374996185,
        1.680149793624878
      ],
      "tail": [
        0.88465416431427,
        0.04730938374996185,
        1.680149793624878
      ],
      "length": 0.27574482560157776
    },
    "hand.R": {
      "head": [
        0.88465416431427,
        0.04730938374996185,
        1.680149793624878
      ],
      "tail": [
        1.0857181549072266,
        0.04730938374996185,
        1.680149793624878
      ],
      "length": 0.20106402039527893
    }
  },
  "arm_chain_checks": [
    {
      "side": "L",
      "monotonic_outward": true,
      "z_spread": 0.0,
      "y_spread": 0.0,
      "connected": true,
      "lengths": [
        0.31571438908576965,
        0.2939409911632538,
        0.26128092408180237,
        0.19051727652549744
      ],
      "plausible_lengths": true,
      "endpoint_fraction": 0.9749999659951474,
      "endpoint_ok": true,
      "passed": true
    },
    {
      "side": "R",
      "monotonic_outward": true,
      "z_spread": 0.0,
      "y_spread": 0.0,
      "connected": true,
      "lengths": [
        0.3331916332244873,
        0.3102129399776459,
        0.27574482560157776,
        0.20106402039527893
      ],
      "plausible_lengths": true,
      "endpoint_fraction": 0.9750000529723952,
      "endpoint_ok": true,
      "passed": true
    }
  ],
  "arm_chain_geometry_checks_passed": true,
  "mesh_change_count": 0,
  "mesh_changes": [],
  "armature_modifier_count_after": 0,
  "parented_target_count_after": 0,
  "protected_change_count": 0,
  "protected_changes": [],
  "created_backup_blend_files": 0
}